{"cameraMode":{"drawMode":0,"name":"Shaded","section":"Shading Mode"},"sceneLighting":false,"audioPlay":false,"sceneViewState":{"m_AlwaysRefresh":false,"showFog":true,"showSkybox":false,"showFlares":true,"showImageEffects":true,"showParticleSystems":true,"showVisualEffectGraphs":true,"m_FxEnabled":true},"in2DMode":false,"pivot":{"x":10.665231704711914,"y":0.9998396039009094,"z":-28.59023666381836},"rotation":{"x":-0.18958723545074464,"y":0.47678887844085696,"z":-0.10610692948102951,"w":-0.8517780303955078},"size":3.3290610313415529,"orthographic":false}